division_numeric_code,start_date,end_date,is_in_union,age_range,data_series_type,group_type_relative_to_baseline,contraceptive_use_modern,contraceptive_use_traditional,contraceptive_use_any,unmet_need_modern,unmet_need_any,is_pertaining_to_methods_used_since_last_pregnancy,pertaining_to_methods_used_since_last_pregnancy_reason,has_geographical_region_bias,geographical_region_bias_reason,has_non_pregnant_and_other_positive_biases,non_pregnant_and_other_positive_biases_reason,age_group_bias,modern_method_bias,has_traditional_method_bias,traditional_method_bias_reason,has_absence_of_probing_questions_bias,se_modern,se_traditional,se_unmet_need,se_log_r_modern_no_use,se_log_r_traditional_no_use,se_log_r_unmet_no_need,source_id,record_id
524,1991.580811,1992.082153,Y,15-49,Other,MW,0.241,NA,0.241,NA,0.277,N,NA,N,,Y,NA,None,None,N,NA,N,NA,NA,NA,NA,NA,NA,13,Y_558
478,1990,1991.997314,Y,15-49,Other,MW,0.013,0.028,NA,0.028,NA,N,NA,N,,N,NA,None,None,N,NA,N,NA,NA,NA,NA,NA,NA,37,Y_574
694,2005.747925,2005.912354,Y,15-49,MICS,MW,0.048808239,0.003727916,NA,0.003727916,NA,N,NA,N,,N,NA,None,None,N,NA,Y,0.003895723,8.06715e-4,0,0.083366127,0.217676249,NA,41,Y_577
686,1978.30957,1978.827393,Y,15-49,Other,MW,0.006,0.033,NA,0.033,NA,N,NA,N,,N,NA,None,None,N,NA,N,NA,NA,NA,NA,NA,NA,44,Y_580
586,1975.328735,1975.997314,Y,15-49,Other,MW,0.039,0.015,NA,0.015,NA,N,NA,N,,N,NA,None,None,N,NA,N,NA,NA,NA,NA,NA,NA,129,Y_603
854,2006.238403,2006.449341,Y,15-49,MICS,MW,0.133,0.031418058,NA,0.031418058,NA,N,NA,N,,N,NA,None,None,N,NA,Y,0.011907709,0.00598999,0,0.103072659,0.208926326,NA,136,Y_606
586,1998,2000,Y,15-49,Other,MW,NA,NA,0.17,NA,NA,N,NA,N,,N,NA,None,None,N,NA,N,NA,NA,NA,NA,NA,NA,152,Y_617
586,1995,1997,Y,15-49,Other,MW,NA,NA,0.13,NA,NA,N,NA,N,,N,NA,None,None,N,NA,N,NA,NA,NA,NA,NA,NA,153,Y_618
4,1972,1974.997314,Y,15-49,National survey,EM,0.016,NA,0.016,NA,NA,N,NA,N,,N,NA,?,None,N,NA,N,NA,NA,NA,NA,NA,NA,160,Y_622
50,1989.161621,1989.49585,Y,15-49,National survey,MW,0.245,0.07,NA,0.07,NA,N,NA,N,,N,NA,?,None,N,NA,N,NA,NA,NA,NA,NA,NA,161,Y_623
50,1983.747925,1984,Y,15-49,National survey,MW,0.138,0.054,NA,0.054,NA,N,NA,N,,N,NA,?,None,N,NA,N,NA,NA,NA,NA,NA,NA,164,Y_625
288,2006.580811,2006.830078,Y,15-49,MICS,MW,0.140079633,0.026238093,NA,0.026238093,NA,N,NA,N,,N,NA,None,None,N,NA,Y,0.007986867,0.00365899,0,0.067085852,0.144912971,NA,166,Y_626
586,2006.665771,2007.158936,Y,15-49,DHS,MW,0.217466743,0.078563859,NA,NA,0.251573966,N,NA,N,,N,NA,None,None,N,NA,N,0.006004973,0.00414172,0.00548978,0.037096116,0.059912601,0.029648532,180,Y_637
478,1981.246582,1981.912354,Y,15-49,Other,MW,0.003,0.005,NA,0.005,NA,N,NA,N,,N,NA,None,None,N,NA,N,NA,NA,NA,NA,NA,NA,183,Y_639
104,1991,1992,Y,15-49,National survey,MW,0.136,0.033,NA,NA,0.206,N,NA,N,,N,NA,None,None,N,NA,N,NA,NA,NA,NA,NA,NA,195,Y_646
646,1996,1997,Y,15-49,National survey,AL,0.071,0.066,NA,0.066,NA,N,NA,N,,N,NA,+,None,N,NA,N,NA,NA,NA,NA,NA,NA,200,Y_648
104,1997.161621,1997.411011,Y,15-49,National survey,MW,0.283,0.045,NA,NA,0.191,N,NA,N,,N,NA,None,None,N,NA,N,NA,NA,NA,NA,NA,NA,638,Y_663
586,1984.750732,1985.243896,Y,15-49,Other,MW,0.076258,0.014742,NA,0.014742,NA,N,NA,N,,Y,NA,None,None,N,NA,N,NA,NA,NA,NA,NA,NA,650,Y_671
50,1981.328735,1981.580811,Y,15-49,National survey,MW,0.11,0.076,NA,0.076,NA,N,NA,N,,N,NA,?,None,N,NA,N,NA,NA,NA,NA,NA,NA,653,Y_673
288,1979.161621,1980.246582,Y,15-49,Other,MW,0.055,0.04,NA,0.04,NA,N,NA,N,,N,NA,None,None,N,NA,N,NA,NA,NA,NA,NA,NA,658,Y_676
586,1996,1998,Y,15-49,Other,MW,NA,NA,0.15,NA,NA,N,NA,N,,N,NA,None,None,N,NA,N,NA,NA,NA,NA,NA,NA,665,Y_678
768,2006.353394,2006.476685,Y,15-49,MICS,MW,0.112444015,0.051439889,NA,0.051439889,NA,N,NA,N,,N,NA,None,None,N,NA,Y,0.00537574,0.004516031,0,0.053780015,0.092603575,NA,669,Y_681
524,1981.071289,1981.471191,Y,15-49,Other,MW,0.068,NA,0.068,NA,NA,N,NA,N,,N,NA,None,None,N,NA,N,NA,NA,NA,NA,NA,NA,681,Y_691
204,2006.580811,2006.912354,Y,15-49,DHS,MW,0.061499992,0.108640893,NA,NA,0.272875107,N,NA,N,,N,NA,None,None,N,NA,N,0.002496845,0.004026756,0.004735472,0.044125428,0.042179746,0.024153591,694,Y_698
204,1982,1982.745239,Y,15-49,Other,MW,0.007,0.059,NA,0.059,NA,N,NA,N,,N,NA,None,None,N,NA,N,NA,NA,NA,NA,NA,NA,697,Y_701
646,1983,1984,Y,15-49,Other,MW,0.009,0.101,NA,0.101,NA,N,NA,N,,Y,NA,None,None,N,NA,N,NA,NA,NA,NA,NA,NA,698,Y_702
454,1984.331543,1984.49585,Y,15-49,Other,MW,0.032,0.037,NA,0.037,NA,N,NA,N,,N,NA,None,None,N,NA,N,NA,NA,NA,NA,NA,NA,712,Y_710
566,1981.778076,1982.619141,Y,15-49,Other,MW,0.009,0.059,NA,0.059,NA,N,NA,N,,N,NA,None,None,N,NA,N,NA,NA,NA,NA,NA,NA,719,Y_715
50,1975,1977,Y,15-49,Other,MW,0.05,0.03,NA,0.03,NA,N,NA,N,,N,NA,None,None,N,NA,N,NA,NA,NA,NA,NA,NA,749,Y_732
404,1977,1979,Y,15-49,Other,MW,0.044,0.025,NA,0.025,NA,N,NA,N,,N,NA,None,None,N,NA,N,NA,NA,NA,NA,NA,NA,753,Y_734
120,1978,1979,Y,15-49,Other,MW,0.006,0.018,0.024,NA,NA,N,NA,N,,N,NA,-,None,N,NA,N,NA,NA,NA,NA,NA,NA,776,Y_739
524,1985,1987,Y,15-49,Other,MW,0.151,NA,0.151,NA,NA,N,NA,N,,Y,NA,None,None,N,NA,N,NA,NA,NA,NA,NA,NA,781,Y_742
586,1979,1981,Y,15-49,Other,MW,NA,NA,0.033,NA,NA,N,NA,N,,N,NA,None,None,N,NA,N,NA,NA,NA,NA,NA,NA,798,Y_751
50,1985.915039,1986.246582,Y,15-49,National survey,MW,0.184,0.069,NA,0.069,NA,N,NA,N,,N,NA,?,None,N,NA,N,NA,NA,NA,NA,NA,NA,801,Y_752
104,2001,2002,Y,15-49,National survey,MW,0.289,0.036,NA,NA,0.191,N,NA,N,,N,NA,None,None,N,NA,N,NA,NA,NA,NA,NA,NA,816,Y_761
524,1976.249268,1976.49585,Y,15-49,Other,MW,0.024,0,NA,0,NA,N,NA,N,,N,NA,None,None,N,NA,N,NA,NA,NA,NA,NA,NA,818,Y_762
50,1979.665771,1980,Y,15-49,Other,MW,0.088,0.033,NA,0.033,NA,N,NA,N,,N,NA,?,None,N,NA,N,NA,NA,NA,NA,NA,NA,822,Y_765
50,1988.917847,1989.246582,Y,15-49,National survey,MW,0.232,0.076,NA,0.076,NA,N,NA,N,,N,NA,?,None,N,NA,N,NA,NA,NA,NA,NA,NA,828,Y_770
800,2004.583618,2005.082153,Y,15-49,DHS,MW,0.187,0.01,NA,0.01,NA,N,NA,N,,N,NA,None,None,Y,NA,N,NA,NA,NA,NA,NA,NA,830,Y_771
834,1999.665771,1999.912354,Y,15-49,DHS,MW,0.1871734,0.066480688,NA,NA,0.225739586,N,NA,N,,N,NA,None,None,N,NA,N,0.01637403,0.007719551,0.011210818000000001,0.107690045,0.123656039,0.071600462,831,Y_772
120,1998.084961,1998.493164,Y,15-49,DHS,MW,0.071,0.123,0.193,NA,0.207110235,N,NA,N,,N,NA,None,None,N,NA,N,0.006219497,0.009427012,0.008884212,0.102547616,0.093288739,0.061519072,1674,Y_780
834,1994.49585,1994.745239,Y,15-49,DHS,MW,0.131,0.074,NA,NA,0.273,N,NA,N,,N,NA,None,None,N,NA,N,NA,NA,NA,NA,NA,NA,1677,Y_783
834,1991.747925,1992.246582,Y,15-49,DHS,MW,0.065563573,0.038706126,NA,NA,0.277692801,N,NA,N,,N,NA,None,None,N,NA,N,0.006380176,0.003700143,0.007644975,0.104392289,0.099765327,0.042866042,1678,Y_784
834,1996.498657,1996.915039,Y,15-49,DHS,MW,0.133081669,0.051179218,NA,NA,0.262178608,N,NA,N,,N,NA,None,None,N,NA,N,0.007712036,0.003854219,0.006820447,0.067940591,0.081328234,0.037080547,1679,Y_785
562,1998.161621,1998.578125,Y,15-49,DHS,MW,0.046044457,0.036010836,NA,NA,0.177156045,N,NA,N,,N,NA,None,None,N,NA,N,0.004627062,0.003995024,0.006109156,0.105680478,0.115469979,0.043059766,1680,Y_786
466,2006.328735,2006.997314,Y,15-49,DHS,MW,0.068773343,0.013650252,NA,NA,0.275888378,N,NA,N,,N,NA,None,None,N,NA,N,0.004306115,0.001682574,0.006507972,0.068014194,0.126929397,0.035374361,1682,Y_788
404,2003.246582,2003.745239,Y,15-49,DHS,MW,0.315354126,0.077808952,NA,NA,0.274079014,N,NA,N,,N,NA,None,None,N,NA,N,0.009143841,0.004007131,0.006740311,0.057309448,0.075214991,0.050902128,1692,Y_797
716,1988.668457,1989.082153,Y,15-49,DHS,MW,0.36133182,0.069617858,NA,0.069617858,NA,N,NA,N,,N,NA,None,None,N,NA,N,NA,NA,NA,NA,NA,NA,1697,Y_802
716,2005.580811,2006.158936,Y,15-49,DHS,MW,0.584351909,0.01802477,NA,NA,0.154810935,N,NA,N,,N,NA,None,None,N,NA,N,0.011269621,0.002027918,0.008865093,0.04764325,0.119572691,0.066947654,1698,Y_803
716,1999.665771,1999.997314,Y,15-49,DHS,MW,0.503527188,0.031898995,NA,NA,0.16740496,N,NA,N,,N,NA,None,None,N,NA,N,0.011447794,0.004047243,0.007305562,0.044641924,0.127827868,0.059539279,1700,Y_805
716,1994.49585,1994.912354,Y,15-49,DHS,MW,0.421581806,0.059642267,NA,NA,0.190671673,N,NA,N,,N,NA,None,None,N,NA,N,0.010150795,0.005204982,0.006880269,0.042307368,0.094410422,0.052771373,1701,Y_806
686,2005.084961,2005.411011,Y,15-49,DHS,MW,0.103107992,0.015070556,NA,NA,0.319759501,N,NA,N,,N,NA,None,None,N,NA,N,0.006677956,0.001751817,0.006047418,0.0727369,0.119873669,0.029526405,1705,Y_809
450,1992.331543,1992.915039,Y,15-49,DHS,MW,0.051251208,0.115939322,NA,NA,0.323144513,N,NA,N,,N,NA,None,None,N,NA,N,0.005046458,0.008698574,0.010244804,0.108461796,0.087682376,0.05275803,1708,Y_811
466,2001,2001.411011,Y,15-49,DHS,MW,0.069789098,0.01095141,NA,NA,0.296266744,N,NA,N,,N,NA,None,None,N,NA,N,0.004241218,0.001496059,0.007563459,0.065455579,0.138453974,0.038804811,1714,Y_816
466,1995.832886,1996.413696,Y,15-49,DHS,MW,0.044822002,0.022486869,NA,NA,0.274858385,N,NA,N,,N,NA,None,None,N,NA,N,0.003263761,0.002097107,0.007427166,0.077084833,0.096716164,0.038506962,1715,Y_817
646,2005.084961,2005.578125,Y,15-49,DHS,MW,0.098104574,0.075714611,NA,NA,0.384657569,N,NA,N,,N,NA,None,None,N,NA,N,0.004912974,0.004122683,0.007100127,0.055814217,0.059221194,0.032759825,1717,Y_819
800,1995.161621,1995.662964,Y,15-49,DHS,MW,0.078046174,0.070371413,NA,NA,0.30099016,N,NA,N,,N,NA,None,None,N,NA,N,0.00575766,0.004462227,0.008188786,0.08116726,0.069577105,0.043731632,1723,Y_823
450,1997.665771,1997.997314,Y,15-49,DHS,MW,0.09749365,0.096991195,NA,NA,0.276610058,N,NA,N,,N,NA,None,None,N,NA,N,0.008323534,0.006652886,0.008321715,0.095215193,0.076484427,0.0450506,1729,Y_828
686,1992.835571,1993.662964,Y,15-49,DHS,MW,0.047865169,0.026966292,NA,NA,0.288314607,N,NA,N,,N,NA,None,None,N,NA,N,0.005172507,0.003832881,0.008807748,0.114352562,0.147225031,0.044966385,1730,Y_829
562,1992.164429,1992.49585,Y,15-49,DHS,MW,0.022528521,0.021886804,NA,NA,0.191861364,N,NA,N,,N,NA,None,None,N,NA,N,0.002085594,0.003032502,0.009976576,0.095043203,0.141903738,0.065091931,1731,Y_830
450,2003.832886,2004.246582,Y,15-49,DHS,MW,0.183087983,0.088296529,NA,NA,0.244841193,N,NA,N,,N,NA,None,None,N,NA,N,0.012858724,0.008028428,0.009799823,0.090701746,0.106839123,0.052994581,1734,Y_833
768,1998.084961,1998.411011,Y,15-49,DHS,MW,0.06973778,0.164937861,NA,NA,0.349743667,N,NA,N,,N,NA,None,None,N,NA,N,0.004592676,0.006681595,0.008907002,0.072325848,0.049563349,0.039970349,1735,Y_834
562,2006,2006.411011,Y,15-49,DHS,MW,0.096746582,0.015581833,NA,NA,0.16076352,N,NA,N,,N,NA,None,None,N,NA,N,0.0069136,0.002003106,0.005826125,0.079705952,0.132500924,0.046801706,1736,Y_835
324,1992.331543,1992.580811,Y,15-49,DHS,MW,0.01,0.007,NA,NA,0.247,N,NA,N,,N,NA,None,None,N,NA,N,NA,NA,NA,NA,NA,NA,1738,Y_837
324,1999.328735,1999.578125,Y,15-49,DHS,MW,0.042167034,0.020122226,NA,NA,0.248155176,N,NA,N,,N,NA,None,None,N,NA,N,0.003219859,0.002298028,0.006898907,0.080097093,0.117077567,0.037950645,1739,Y_838
324,2005.084961,2005.493164,Y,15-49,DHS,MW,0.056701426,0.034283616,NA,NA,0.219147354,N,NA,N,,N,NA,None,None,N,NA,N,0.004167635,0.004512319,0.006484891,0.078284912,0.136696257,0.038364946,1740,Y_839
566,1990.246582,1990.830078,Y,15-49,DHS,MW,0.03543658,0.024595114,NA,NA,0.215192429,N,NA,N,,N,NA,None,None,N,NA,N,0.003797914,0.003964913,0.010453936,0.113192145,0.167317908,0.067233279,1742,Y_841
288,1998.832886,1999.158936,Y,15-49,DHS,MW,0.132978921,0.086705018,NA,NA,0.34738857,N,NA,N,,N,NA,None,None,N,NA,N,0.006784147,0.006039933,0.009424952,0.059431366,0.077011733,0.045005321,1751,Y_850
288,2003.49585,2003.830078,Y,15-49,DHS,MW,0.186649293,0.065096466,NA,NA,0.344760022,N,NA,N,,N,NA,None,None,N,NA,N,0.008791391,0.005408834,0.009079522,0.058700759,0.090117732,0.04063893,1752,Y_851
288,1988.084961,1988.49585,Y,15-49,DHS,MW,0.051647655,0.076996198,NA,NA,0.352,N,NA,N,,N,NA,None,None,N,NA,N,NA,NA,NA,NA,NA,NA,1753,Y_852
288,1993.665771,1994.158936,Y,15-49,DHS,MW,0.101123596,0.101435705,NA,NA,0.368913858,N,NA,N,,N,NA,None,None,N,NA,N,0.006150405,0.006570307,0.009576659,0.070439329,0.074744537,0.049266848,1754,Y_853
508,2003.580811,2004.082153,Y,15-49,DHS,MW,0.20783134,0.047373969,NA,NA,0.188965256,N,NA,N,,N,NA,None,None,N,NA,N,0.007720315,0.0035055109999999998,0.00635479,0.047682395,0.079244934,0.043601137,1758,Y_857
204,2001.580811,2001.912354,Y,15-49,DHS,MW,0.071832117,0.114098882,NA,NA,0.279315072,N,NA,N,,N,NA,None,None,N,NA,N,0.004613796,0.005660683,0.00743533,0.070687631,0.057211353,0.038805846,1761,Y_859
508,1997.161621,1997.578125,Y,15-49,DHS,MW,0.050730058,0.005425149,NA,NA,0.249109235,N,NA,N,,N,NA,None,None,N,NA,N,0.007290156,0.001385674,0.010586623,0.151861676,0.259233791,0.058058029,1767,Y_865
854,1992.917847,1993.243896,Y,15-49,DHS,MW,0.04185774,0.206976987,NA,NA,0.245871983,N,NA,N,,N,NA,None,None,N,NA,N,0.003190207,0.014040702,0.009160855,0.08297909,0.086720372,0.047196643,1776,Y_874
854,1998.832886,1999.243896,Y,15-49,DHS,MW,0.048296047,0.070394321,NA,NA,0.302921865,N,NA,N,,N,NA,None,None,N,NA,N,0.003818508,0.008329421,0.008909653,0.084225153,0.12798552,0.042075263,1777,Y_875
204,1996.416382,1996.665771,Y,15-49,DHS,MW,0.034247397,0.129800229,NA,NA,0.276679259,N,NA,N,,N,NA,None,None,N,NA,N,0.003438431,0.007541354,0.008035259,0.104695609,0.067152822,0.043306793,1780,Y_878
466,1987.161621,1987.662964,Y,15-49,DHS,MW,0.012844584,0.033489881,NA,NA,0.229,N,NA,N,,N,NA,None,None,N,NA,N,NA,NA,NA,NA,NA,NA,1784,Y_882
120,2004.084961,2004.665771,Y,15-49,DHS,MW,0.125,0.129,0.254,NA,0.205128428,N,NA,N,,N,NA,None,None,N,NA,N,0.005285041,0.004926559,0.005712904,0.04931122,0.046634246,0.035750666,1786,Y_884
854,2003.413696,2003.912354,Y,15-49,DHS,MW,0.087662704,0.050127463,NA,NA,0.298314345,N,NA,N,,N,NA,None,None,N,NA,N,0.005591599,0.00383012,0.006673281,0.070624293,0.081420636,0.032437786,1787,Y_885
686,1986.246582,1986.578125,Y,15-49,DHS,MW,0.023781213,0.088882283,NA,NA,0.374,N,NA,N,,N,NA,None,None,N,NA,N,NA,NA,NA,NA,NA,NA,1794,Y_892
686,1997,1997.32605,Y,15-49,DHS,MW,0.081266507,0.048095962,NA,NA,0.349858082,N,NA,N,,N,NA,None,None,N,NA,N,0.007157434,0.004029943,0.007769649,0.097404794,0.090560318,0.035036272,1795,Y_893
120,1991.246582,1991.745239,Y,15-49,DHS,MW,0.043,0.118,0.161,NA,0.223499568,N,NA,N,,N,NA,None,None,N,NA,N,0.004665233,0.009427907,0.010192651,0.11986843,0.093861424,0.067718447,1798,Y_896
524,2001,2001.493164,Y,15-49,DHS,MW,0.353914031,0.039381404,NA,NA,0.277553026,N,NA,N,,N,NA,None,None,N,NA,N,0.011376285,0.002959274,0.008035374,0.051353248,0.08303229,0.034274976,1800,Y_898
524,1996,1996.49585,Y,15-49,DHS,MW,0.260165215,0.024705496,NA,NA,0.323501363,N,NA,N,,N,NA,None,None,N,NA,N,0.012198495,0.002457094,0.008405684,0.064516799,0.106629251,0.032515113,1801,Y_899
800,1988.668457,1989.158936,Y,15-49,DHS,MW,0.025145237,0.023623564,NA,0.023623564,NA,N,NA,N,,N,NA,None,None,N,NA,N,NA,NA,NA,NA,NA,NA,1804,Y_902
50,2004,2004.413696,Y,15-49,DHS,MW,0.47288898,0.10777585,NA,NA,0.15193747,N,NA,N,,N,NA,None,None,N,NA,N,0.009003107,0.003976173,0.005327416,0.03910264,0.045699295,0.040191497,1813,Y_908
50,1993.832886,1994.243896,Y,15-49,DHS,MW,0.362077118,0.083603397,NA,NA,0.217389289,N,NA,N,,N,NA,None,None,N,NA,N,0.007708367,0.003513402,0.005197233,0.034590835,0.047791774,0.035639194,1814,Y_909
50,1996.835571,1997.243896,Y,15-49,DHS,MW,0.415627983,0.076786461,NA,NA,0.197996259,N,NA,N,,N,NA,None,None,N,NA,N,0.008352395,0.003945541,0.005940084,0.036221929,0.059001665,0.037284805,1815,Y_910
50,1999.832886,2000.246582,Y,15-49,DHS,MW,0.434698454,0.103014461,NA,NA,0.184725646,N,NA,N,,N,NA,None,None,N,NA,N,0.008342204,0.004470195,0.005654986,0.035847325,0.051212918,0.037285697,1816,Y_911
404,1988.917847,1989.411011,Y,15-49,DHS,MW,0.178710205,0.090358635,NA,NA,0.38,N,NA,N,,N,NA,None,None,N,NA,N,NA,NA,NA,NA,NA,NA,1822,Y_914
404,1993.084961,1993.662964,Y,15-49,DHS,MW,0.272965449,0.054507359,NA,NA,0.353043937,N,NA,N,,N,NA,None,None,N,NA,N,0.011479359,0.004266835,0.009816168,0.061320938,0.086869799,0.047361477,1823,Y_915
404,1998.084961,1998.578125,Y,15-49,DHS,MW,0.314670691,0.075052312,NA,NA,0.279913603,N,NA,N,,N,NA,None,None,N,NA,N,0.010743375,0.005091101,0.008931445,0.050392379,0.073940021,0.044927051,1824,Y_916
586,1990.915039,1991.411011,Y,15-49,DHS,MW,0.090144871,0.028275206,NA,NA,0.304718252,N,NA,N,,N,NA,None,None,N,NA,N,0.005338945,0.00323782,0.008589459,0.065617577,0.118721385,0.044041156,1827,Y_919
566,1999.161621,1999.411011,Y,15-49,DHS,MW,0.084814979,0.067094299,NA,NA,0.199047536,N,NA,N,,N,NA,None,None,N,NA,N,0.005791961,0.003699955,0.005227418,0.074205517,0.061229433,0.035354674,1828,Y_920
454,2000.498657,2000.915039,Y,15-49,DHS,MW,0.261180838,0.045310937,NA,NA,0.299461978,N,NA,N,,N,NA,None,None,N,NA,N,0.007607657,0.002705242,0.006016694,0.038856214,0.060504204,0.029104999,1833,Y_925
454,1992.668457,1992.915039,Y,15-49,DHS,MW,0.073595633,0.056471485,NA,NA,0.365150694,N,NA,N,,N,NA,None,None,N,NA,N,0.00576808,0.004788354,0.009935008,0.084788193,0.090063398,0.046281492,1834,Y_926
834,2004.750732,2005.158936,Y,15-49,DHS,MW,0.199835847,0.063784757,NA,NA,0.242647825,N,NA,N,,N,NA,None,None,N,NA,N,0.010234947,0.005859975,0.007679115,0.065310692,0.100287051,0.043592625,1838,Y_930
50,2007.161621,2007.662964,Y,15-49,DHS,MW,0.474569304,0.083333951,NA,NA,0.167874589,N,NA,N,,N,NA,None,None,N,NA,N,0.008123493,0.003673924,0.005328499,0.034578216,0.051463823,0.039499422,1840,Y_931
586,1996,1998,Y,15-49,National survey,MW,0.169,0.07,NA,NA,0.375,N,NA,N,,N,NA,None,None,N,NA,N,NA,NA,NA,NA,NA,NA,1841,Y_932
586,2000.750732,2001,Y,15-49,National survey,MW,0.2021,0.0739,NA,NA,0.33,N,NA,N,,N,NA,None,None,N,NA,N,NA,NA,NA,NA,NA,NA,1842,Y_933
454,2006.534302,2006.871216,Y,15-49,MICS,MW,0.386341327,0.023821437,NA,0.023821437,NA,N,NA,N,,N,NA,None,None,N,NA,Y,0.006235768,0.001621813,0,0.026229309,0.06921681,NA,1845,Y_936
524,2006.084961,2006.662964,Y,15-49,DHS,MW,0.442138779,0.03741749,NA,NA,0.246913003,N,NA,N,,N,NA,None,None,N,NA,N,0.019227327,0.003230848,0.01072853,0.07913028,0.090805612,0.039821193,1851,Y_940
478,2000.583618,2001.32605,Y,15-49,DHS,MW,0.054428553,0.025387419,NA,NA,0.320752463,N,NA,N,,N,NA,None,None,N,NA,N,0.006253012,0.00356095,0.011895381,0.121496025,0.143862929,0.056671019,1853,Y_942
646,1992.416382,1992.832886,Y,15-49,DHS,MW,0.129132936,0.082618614,NA,NA,0.382155384,N,NA,N,,N,NA,None,None,N,NA,N,0.008499562,0.005668587,0.009948188,0.076461105,0.075850936,0.043550911,1854,Y_943
646,2000.416382,2000.665771,Y,15-49,DHS,MW,0.056663351,0.075780555,NA,NA,0.363748063,N,NA,N,,N,NA,None,None,N,NA,N,0.00490883,0.004244207,0.007718735,0.092395582,0.061133649,0.036321296,1855,Y_944
686,1999.747925,1999.997314,Y,15-49,DHS,MW,0.082,0.023,NA,0.023,NA,N,NA,N,,N,NA,None,None,Y,NA,N,NA,NA,NA,NA,NA,NA,1867,Y_953
566,2003.161621,2003.662964,Y,15-49,DHS,MW,0.082480057,0.043423709,NA,NA,0.174959871,N,NA,N,,N,NA,None,None,N,NA,N,0.004991952,0.004245505,0.00751835,0.066991636,0.103468157,0.054302238,1884,Y_959
454,2004.750732,2005.082153,Y,15-49,DHS,MW,0.281460079,0.043250359,NA,NA,0.30297574,N,NA,N,,N,NA,None,None,N,NA,N,0.006930458,0.003371356,0.006383253,0.034720692,0.082502286,0.033426806,1885,Y_960
800,2000.668457,2001.243896,Y,15-49,DHS,MW,0.182041816,0.045747688,NA,NA,0.350010661,N,NA,N,,N,NA,None,None,N,NA,N,0.010702476,0.00363794,0.011244289,0.073601436,0.087668563,0.050588046,1886,Y_961
800,2006.328735,2006.830078,Y,15-49,DHS,MW,0.178713872,0.058026746,NA,NA,0.380125491,N,NA,N,,N,NA,None,None,N,NA,N,0.008009907,0.003973749,0.008750903,0.055738306,0.074188133,0.04140687,1887,Y_962
450,2000.591797,2000.778076,Y,15-49,MICS,MW,0.118,0.069,0.188,NA,NA,N,NA,N,,N,NA,None,None,N,NA,Y,0,0,0,NA,NA,NA,1891,Y_964
120,2000.498657,2000.654785,Y,15-49,MICS,MW,0.063,0.007,0.07,NA,NA,N,NA,N,,N,NA,None,None,N,NA,Y,0,0,0,NA,NA,NA,1914,Y_979
562,2000.290405,2000.599976,Y,15-49,MICS,MW,0.111609625,0.028087845,NA,0.028087845,NA,N,NA,N,,N,NA,None,None,N,NA,Y,NA,NA,NA,NA,NA,NA,1923,Y_987
4,2003.413696,2003.578125,Y,15-49,Other,MW,0.087,0.016,NA,0.016,NA,N,NA,N,,N,NA,?,None,N,NA,N,NA,NA,NA,NA,NA,NA,1925,Y_989
694,2000.249268,2000.3479,Y,15-49,MICS,MW,0.039313933,0.003529355,NA,0.003529355,NA,N,NA,N,,N,NA,None,None,N,NA,Y,NA,NA,NA,NA,NA,NA,1936,Y_998
768,1988.416382,1988.915039,Y,15-49,DHS,MW,0.030995106,0.307096248,NA,NA,0.401,N,NA,N,,N,NA,None,None,N,NA,N,NA,NA,NA,NA,NA,NA,1946,Y_1005
586,1991,1991.997314,Y,15-49,Other,MW,NA,NA,0.069,NA,NA,N,NA,N,,N,NA,None,None,N,NA,N,NA,NA,NA,NA,NA,NA,1998,Y_1007
288,1998,2000,Y,15-49,Other,AL,0.107,0.043,NA,0.043,NA,N,NA,N,,N,NA,None,None,N,NA,N,NA,NA,NA,NA,NA,NA,2007,Y_1008
288,1991,1993,Y,15-49,Other,AL,0.072,0.099,NA,0.099,NA,N,NA,N,,N,NA,None,None,N,NA,N,NA,NA,NA,NA,NA,NA,2016,Y_1010
716,1984.539673,1984.789063,Y,15-49,Other,MW,0.266,0.118,NA,NA,0.141,N,NA,N,,N,NA,None,None,N,NA,N,NA,NA,NA,NA,NA,NA,2027,Y_1011
120,2006.331543,2006.465698,Y,15-49,MICS,MW,0.12,0.14,0.26,0.152093385,NA,N,NA,N,,N,NA,None,None,N,NA,Y,0.00588558,0.007844581,0,0.050067015,0.062045756,NA,2312,Y_1014
478,2007.328735,2007.745239,Y,15-49,MICS,MW,0.08,0.013,NA,NA,0.246,N,NA,N,,N,NA,None,None,N,NA,Y,0,0,0,NA,NA,NA,2443,Y_1020
566,2007.161621,2007.284912,Y,15-49,MICS,MW,0.105450696,0.041320232,NA,0.041320232,NA,N,NA,N,,N,NA,None,None,N,NA,Y,0.004174055,0.00206965,0,0.046418982,0.059523419,NA,2478,Y_1023
646,2007.915039,2008.328735,Y,15-49,DHS,MW,0.270894495,0.092819739,NA,NA,0.343638213,N,NA,N,,N,NA,None,None,N,NA,N,0.010073981,0.006290006,0.009729873,0.053778093,0.079000023,0.044602243,2524,Y_1027
404,1984,1985,Y,15-49,Other,MW,0.097,0.073,NA,0.073,NA,N,NA,N,,N,NA,None,None,N,NA,N,NA,NA,NA,NA,NA,NA,2743,Y_1054
50,1991,1992,Y,15-49,National survey,MW,0.312,0.087,NA,0.087,NA,N,NA,N,,N,NA,?,None,N,NA,N,NA,NA,NA,NA,NA,NA,2802,Y_1099
586,1993.328735,1993.493164,Y,15-49,National survey,MW,0.176,0.04,NA,0.04,NA,N,NA,N,,N,NA,None,None,N,NA,N,NA,NA,NA,NA,NA,NA,2832,Y_1123
586,1994.846558,1995.227417,Y,15-49,National survey,MW,0.126,0.052,NA,0.052,NA,N,NA,N,,N,NA,None,None,N,NA,N,NA,NA,NA,NA,NA,NA,2843,Y_1134
4,2000.416382,2000.832886,Y,15-49,MICS,MW,0.036,0.012,NA,0.012,NA,N,NA,Y,"Data pertain to Nangarhar, Konar and Laghman, Ghazni, Paktika and Paktya, Logar and Wardak provinces.",N,NA,?,None,N,NA,Y,NA,NA,NA,NA,NA,NA,2893,Y_1175
768,2000,2001,Y,15-49,MICS,MW,0.126123682,0.131310465,NA,0.131310465,NA,N,NA,N,,N,NA,None,None,N,NA,Y,0.010242267,0.010276092,0,0.098599744,0.095708683,NA,2903,Y_1184
524,2003,2005,Y,15-49,Other,MW,0.37917,0.00383,NA,0.00383,NA,N,NA,N,,N,NA,None,None,N,NA,N,NA,NA,NA,NA,NA,NA,2932,Y_1202
834,2003.915039,2004.246582,Y,15-49,DHS,MW,0.234,0.048,NA,0.048,NA,N,NA,N,,N,NA,None,None,Y,NA,N,NA,NA,NA,NA,NA,NA,2939,Y_1208
450,1999,2000,Y,15-49,National survey,MW,0.129,0.121,NA,0.121,NA,N,NA,N,,N,NA,None,None,N,NA,N,NA,NA,NA,NA,NA,NA,3179,Y_1250
524,2000.180786,2000.411011,Y,15-49,Other,MW,0.371,0.002,NA,0.002,NA,N,NA,N,,Y,NA,None,None,N,NA,N,NA,NA,NA,NA,NA,NA,3229,Y_1256
566,1994,1995,Y,15-49,National survey,AL,0.097,0.023,NA,0.023,NA,N,NA,N,,N,NA,?,None,N,NA,N,NA,NA,NA,NA,NA,NA,3244,Y_1262
586,2003,2004,Y,15-49,Other,MW,0.252,0.068,NA,0.068,NA,N,NA,N,,N,NA,None,None,N,NA,N,NA,NA,NA,NA,NA,NA,3263,Y_1268
4,2005.413696,2005.662964,Y,15-49,Other,MW,0.125,0.011,NA,0.011,NA,N,NA,N,,N,NA,?,None,N,NA,N,NA,NA,NA,NA,NA,NA,4368,Y_1292
4,2006.704102,2006.912354,Y,15-49,National survey,MW,0.175,0.011,NA,0.011,NA,N,NA,Y,"Excluding the six largest cities (Kabul, Hirat, Mazar-e-Sharif, Kunduz, Jalalabad and Kandahar), 5 of the 34 provinces in the country and 28 out of the selected 425 clusters where fieldwork was not completed due to security reasons.",N,NA,?,None,N,NA,N,NA,NA,NA,NA,NA,NA,4369,Y_1293
4,2007.619141,2008.665771,Y,15-49,National survey,MW,0.152,0.076,NA,0.076,NA,N,NA,N,,N,NA,None,None,N,NA,N,NA,NA,NA,NA,NA,NA,4465,Y_1298
204,2011.915039,2012.246582,Y,15-49,DHS,MW,0.078959871,0.050386748,NA,NA,0.325608704,N,NA,N,,N,NA,None,None,N,NA,N,0.003327964,0.003568439,0.005488242,0.046985398,0.075799029,0.025197442,4493,Y_1301
854,2010.328735,2011.082153,Y,15-49,DHS,MW,0.15016405,0.011607235,NA,NA,0.245046235,N,NA,N,,N,NA,None,None,N,NA,N,NA,NA,NA,NA,NA,NA,4494,Y_1302
586,1968,1970,Y,15-49,Other,MW,NA,NA,0.055,NA,NA,N,NA,N,,N,NA,None,None,N,NA,N,NA,NA,NA,NA,NA,NA,4542,Y_1309
694,1992.249268,1992.49585,Y,15-49,Other,AL,0.024,0.001,NA,0.001,NA,N,NA,N,,N,NA,?,None,N,NA,N,NA,NA,NA,NA,NA,NA,4549,Y_1313
694,2008.249268,2008.49585,Y,15-49,DHS,MW,0.067446231,0.014604265,NA,NA,0.283669734,N,NA,N,,N,NA,None,None,N,NA,N,0.005054712,0.002067885,0.008550559,0.080286483,0.143473799,0.042581873,4550,Y_1314
586,2005,2007,Y,15-49,Other,MW,0.184,0.075,NA,0.075,NA,N,NA,N,,N,NA,None,None,N,NA,N,NA,NA,NA,NA,NA,NA,4630,Y_1320
120,2011,2011.662964,Y,15-49,DHS,MW,0.141,0.089,0.231,NA,0.234920656,N,NA,N,,N,NA,None,None,N,NA,N,0.00526247,0.004354572,0.005676064,0.045393486,0.056784788,0.034882144,4686,Y_1325
288,2008.668457,2008.915039,Y,15-49,DHS,MW,0.165734134,0.069426468,NA,NA,0.356676376,N,NA,N,,N,NA,None,None,N,NA,N,0.008473613,0.00554551,0.010452766,0.062941275,0.088306403,0.048008306,4688,Y_1327
404,2008.835571,2009.158936,Y,15-49,DHS,MW,0.394445554,0.060276206,NA,NA,0.256342499,N,NA,N,,N,NA,None,None,N,NA,N,0.01222617,0.00577887,0.008588812,0.053818742,0.107454909,0.05266999,4689,Y_1328
450,2008.835571,2009.662964,Y,15-49,DHS,MW,0.291344952,0.107945292,NA,NA,0.189840583,N,NA,N,,N,NA,None,None,N,NA,N,0.007698704,0.004571266,0.005318218,0.03917202,0.050242576,0.035989978,4691,Y_1329
454,2010.413696,2010.912354,Y,15-49,DHS,MW,0.422359099,0.038749352,NA,NA,0.261975872,N,NA,N,,N,NA,None,None,N,NA,N,0.007320586,0.002282249,0.00519782,0.03039161,0.061982066,0.031209553,4692,Y_1330
566,2008.416382,2008.832886,Y,15-49,DHS,MW,0.096819638,0.049023008,NA,NA,0.202405996,N,NA,N,,N,NA,None,None,N,NA,N,0.002930501,0.001934504,0.003351516,0.033880364,0.042026865,0.022030553,4695,Y_1331
834,2009.915039,2010.411011,Y,15-49,DHS,MW,0.273740207,0.069774621,NA,NA,0.223221102,N,NA,N,,N,NA,None,None,N,NA,N,0.009538144,0.004931533,0.007876928,0.049714552,0.079092539,0.048544633,4697,Y_1332
508,2008.583618,2008.915039,Y,15-49,MICS,MW,0.146512124,0.015407306,NA,0.015407306,NA,N,NA,N,,N,NA,None,None,N,NA,Y,0.005957066,0.002062867,0,0.048549233,0.138083457,NA,4871,Y_1339
454,1996.416382,1996.832886,Y,15-49,DHS,MW,0.144,0.075,NA,0.075,NA,N,NA,N,,N,NA,None,None,N,NA,N,NA,NA,NA,NA,NA,NA,4952,Y_1350
288,2005.665771,2006.745239,Y,15-49,Other,AL,0.168,0.074,NA,0.074,NA,N,NA,N,,N,NA,None,None,N,NA,N,NA,NA,NA,NA,NA,NA,4954,Y_1352
4,2010.747925,2011.411011,Y,15-49,MICS,MW,0.202082258,0.010312841,NA,0.010312841,NA,N,NA,N,,N,NA,None,None,N,NA,Y,0.006912198,0.001169834,0,0.043237573,0.116610939,NA,4983,Y_1376
288,2011.665771,2011.997314,Y,15-49,MICS,MW,0.234,0.098909584,NA,NA,0.264,N,NA,N,,N,NA,None,None,N,NA,Y,0.007784882,0.006744481,0.008426143,0.044208103,0.079397928,0.042768632,5000,Y_1390
466,2009,2011,Y,15-49,MICS,MW,0.090027941,0.007961423,NA,0.007961423,NA,N,NA,N,,N,NA,None,None,N,NA,Y,0.003416098,8.53093e-4,0.004558355,0.041831802,0.108518124,0.021758665,5011,Y_1393
478,2011.468506,2011.769897,Y,15-49,MICS,MW,0.045484949,0.013974423,NA,NA,0.311,N,NA,N,,N,NA,None,None,N,NA,Y,0.003443525,0.00183102,0.006811133,0.07838077,0.132696067,0.030221725,5012,Y_1394
104,2009.747925,2010.243896,Y,15-49,MICS,EM,0.458,0.003,NA,0.003,NA,N,NA,N,,N,NA,None,None,N,NA,Y,NA,NA,NA,NA,NA,NA,5016,Y_1398
566,2011.084961,2011.243896,Y,15-49,MICS,MW,0.1149079,0.0605653,NA,NA,0.189,N,NA,N,,N,NA,None,None,N,NA,Y,0.004074011,0.003064491,0.00471998,0.041299421,0.055513442,0.026998382,5018,Y_1399
694,2010.747925,2010.997314,Y,15-49,MICS,MW,0.10198291,0.008143279,NA,NA,0.274,N,NA,N,,N,NA,None,None,N,NA,Y,0.005351173,0.001207341,0.007136864,0.05863273,0.150303648,0.035161192,5025,Y_1403
768,2010.679443,2010.841064,Y,15-49,MICS,MW,0.135345428,0.016414112,NA,NA,0.372,N,NA,N,,N,NA,None,None,N,NA,Y,0.007584247,0.00240758,0.010193327,0.064931348,0.149442857,0.043171625,5036,Y_1409
716,2009.298584,2009.408203,Y,15-49,MICS,MW,0.63,0.010001697,NA,0.010001697,NA,N,NA,N,,N,NA,None,None,N,NA,Y,0.006976627,0.00151821,0,0.030588091,0.154958022,NA,5044,Y_1414
4,2010.246582,2010.997314,Y,15-49,National survey,MW,0.199,0.019,NA,0.019,NA,N,NA,Y,Excluding areas in the South zone.,N,NA,None,None,N,NA,N,NA,NA,NA,NA,NA,NA,5045,Y_1415
50,2011.49585,2011.997314,Y,15-49,DHS,MW,0.520512988,0.091613759,NA,NA,0.134735596,N,NA,N,,N,NA,None,None,N,NA,N,0.005521121,0.00309957,0.003462964,0.023031652,0.038736759,0.031618065,5048,Y_1417
508,2011.413696,2011.912354,Y,15-49,DHS,MW,0.113375534,0.002969969,NA,NA,0.238955899,N,NA,N,,N,NA,None,None,N,NA,N,0.004777867,5.93903e-4,0.00606519,0.047577623,0.200907076,0.034308753,5064,Y_1424
524,2011,2011.493164,Y,15-49,DHS,MW,0.431525604,0.065402555,NA,NA,0.275437843,N,NA,N,,N,NA,None,None,N,NA,N,0.010855757,0.004366085,0.007594782,0.045691911,0.073937731,0.048118458,5065,Y_1425
646,2010.665771,2011.243896,Y,15-49,DHS,MW,0.4450373,0.070796006,NA,NA,0.208001766,N,NA,N,,N,NA,None,None,N,NA,N,0.007206557,0.003310065,0.005667876,0.029843429,0.051340477,0.038818259,5066,Y_1426
768,2013.832886,2014.32605,Y,15-49,DHS,MW,0.172668519,0.025916755,NA,NA,0.336058271,N,NA,N,,N,NA,None,None,N,NA,N,0.006688796,0.002758192,0.007120784,0.04748735,0.110856527,0.031253524,5071,Y_1428
800,2011.413696,2011.997314,Y,15-49,DHS,MW,0.26029209,0.039894892,NA,NA,0.342657729,N,NA,N,,N,NA,None,None,N,NA,N,NA,NA,NA,NA,NA,NA,5072,Y_1429
716,2010.665771,2011.243896,Y,15-49,DHS,MW,0.572586135,0.012736825,NA,NA,0.145691945,N,NA,N,,N,NA,None,None,N,NA,N,0.008949919,0.001859847,0.005411895,0.036608363,0.147840937,0.045370061,5073,Y_1430
104,2007.021973,2007.49585,Y,15-49,National survey,MW,0.384,0.026,NA,0.026,NA,N,NA,N,,N,NA,None,None,N,NA,N,NA,NA,NA,NA,NA,NA,5142,Y_1467
728,2006,2007,Y,15-49,Other,MW,0.033,0.002,NA,0.002,NA,N,NA,N,,N,NA,None,None,N,NA,N,NA,NA,NA,NA,NA,NA,5240,Y_1512
686,2010.747925,2011.32605,Y,15-49,DHS,MW,0.120957815,0.010344832,NA,NA,0.30087228,N,NA,N,,N,NA,None,None,N,NA,N,0.005908076,0.001699019,0.007077576,0.05574482,0.166560267,0.034390286,5274,Y_1515
562,2012.084961,2012.49585,Y,15-49,DHS,MW,0.122106441,0.016928957,NA,NA,0.16012979,N,NA,N,,N,NA,None,None,N,NA,N,0.006355241,0.001833781,0.005387588,0.05975709,0.111702122,0.04137812,5413,Y_1530
586,2007.49585,2008.49585,Y,15-49,Other,MW,0.193,0.077,NA,0.077,NA,N,NA,N,,N,NA,None,None,N,NA,N,NA,NA,NA,NA,NA,NA,5418,Y_1533
324,2012.416382,2012.832886,Y,15-49,DHS,MW,0.046321622,0.009518603,NA,NA,0.236766659,N,NA,N,,N,NA,None,None,N,NA,N,0.004212214,0.001439735,0.007051664,0.095444735,0.152953407,0.039835673,5422,Y_1534
566,2013.084961,2013.493164,Y,15-49,DHS,MW,0.096645528,0.054851856,NA,NA,0.16098638,N,NA,N,,N,NA,None,None,N,NA,N,0.003723233,0.002331152,0.0032218,0.043843585,0.046795246,0.024645518,5447,Y_1550
466,2012.835571,2013.158936,Y,15-49,DHS,MW,0.098914823,0.004533932,NA,NA,0.260032842,N,NA,N,,N,NA,None,None,N,NA,N,NA,NA,NA,NA,NA,NA,5460,Y_1561
586,2012.750732,2013.32605,Y,15-49,DHS,MW,0.260975888,0.093116665,NA,NA,0.200847433,N,NA,N,,N,NA,None,None,N,NA,N,0.006900718,0.00467159,0.006026915,0.038218537,0.05897193,0.03677573,5461,Y_1562
686,2012.668457,2013.493164,Y,15-49,DHS,MW,0.160899925,0.017479283,NA,NA,0.292097389,N,NA,N,,N,NA,None,None,N,NA,N,0.009696974,0.002158651,0.008102333,0.072646561,0.129031822,0.04133552,5490,Y_1567
566,2012.498657,2013,Y,15-49,National survey,MW,0.107386364,0.027613636,NA,0.027613636,NA,N,NA,N,,N,NA,None,None,N,NA,N,NA,NA,NA,NA,NA,NA,5549,Y_1570
694,2013.413696,2013.830078,Y,15-49,DHS,MW,0.156031318,0.010274056,NA,NA,0.249937215,N,NA,N,,N,NA,None,None,N,NA,N,0.006226908,0.001435289,0.006110921,0.047589497,0.142403536,0.032892872,5556,Y_1574
728,2010.238403,2010.493164,Y,15-49,MICS,MW,0.015860135,0.024145883,NA,NA,0.263,N,NA,N,,N,NA,None,None,N,NA,Y,0.001792329,0.00252202,0.009373829,0.11504672,0.107177309,0.042293953,5560,Y_1578
454,2013.832886,2014.320557,Y,15-49,MICS,MW,0.573519749,0.012478474,NA,NA,0.194394518,N,NA,N,,N,NA,None,None,N,NA,Y,0.005865323,0.002282069,0.00494642,0.024045286,0.186432493,0.039817284,5582,Y_1592
716,2014.123291,2014.284912,Y,15-49,MICS,MW,0.664610037,0.005095423,NA,NA,0.103821286,N,NA,N,,N,NA,None,None,N,NA,Y,0.005921196,8.16693e-4,0.003685242,0.026590011,0.161009315,0.044248224,5585,Y_1594
50,2012.917847,2013.32605,Y,15-49,MICS,MW,0.592691714,0.024883716,NA,NA,0.138952247,N,NA,N,,N,NA,None,None,N,NA,Y,0.003622931,8.64958e-4,0.002395881,0.015481321,0.03700405,0.021033735,5595,Y_1601
478,2015.49585,2015.912354,Y,15-49,Other,MW,0.156,0.022,NA,NA,0.336,N,NA,N,,N,NA,None,None,N,NA,N,NA,NA,NA,NA,NA,NA,5638,Y_1611
566,2016.668457,2017.082153,Y,15-49,Other,MW,0.108,0.026,NA,NA,0.276,N,NA,N,,N,NA,None,None,N,NA,N,NA,NA,NA,NA,NA,NA,5640,Y_1612
120,2014,2015,Y,15-49,MICS,MW,0.161,0.133,0.295,NA,0.179739089,N,NA,N,,N,NA,None,None,N,NA,Y,0.007481466,0.006255019,0.00592349,0.050665317,0.054856172,0.041470511,5641,Y_1613
204,2014.328735,2014.328735,Y,15-49,MICS,MW,0.123580471,0.055051241,NA,NA,0.331408749,N,NA,N,,N,NA,None,None,N,NA,Y,0.005246142,0.003663797,0.005913763,0.048492909,0.070514085,0.028204568,5665,Y_1617
524,2014.084961,2014.493164,Y,15-49,MICS,MW,0.471495786,0.024771369,NA,NA,0.252131307,N,NA,N,,N,NA,None,None,N,NA,Y,0.008317599,0.002380273,0.006087924,0.03298388,0.097212574,0.035303633,5672,Y_1620
324,2016,2017,Y,15-49,MICS,MW,0.078,0.009,NA,NA,0.276,N,NA,N,,N,NA,None,None,N,NA,Y,NA,NA,NA,NA,NA,NA,5676,Y_1624
466,2015.547974,2015.802734,Y,15-49,MICS,MW,0.151058324,0.004658425,NA,NA,0.306804052,N,NA,N,,N,NA,None,None,N,NA,Y,0.006193092,7.02772e-4,0.005717771,0.048387811,0.152286051,0.027078463,5677,Y_1625
694,2017,2018,Y,15-49,MICS,MW,0.218,0.007,NA,NA,0.263,N,NA,N,,N,NA,None,None,N,NA,Y,NA,NA,NA,NA,NA,NA,5679,Y_1626
4,2015.413696,2016.161621,Y,15-49,DHS,MW,0.197840789,0.026864288,NA,NA,0.244653465,N,NA,N,,N,NA,None,None,N,NA,N,0.006802585,0.002147634,0.005415976,0.043837429,0.08503315,0.030762159,5689,Y_1627
800,2015.580811,2015.745239,Y,15-49,PMA,MW,0.3,0.0389501,NA,NA,0.318978574,N,NA,N,,N,NA,None,None,N,NA,N,0.015335907,0.006166515,0.017676348,0.073138787,0.167617052,0.083488893,5722,Y_1631
854,2015.328735,2015.493164,Y,15-49,PMA,MW,0.201,0.008,0.209,NA,0.331745463,N,NA,N,,N,NA,None,None,N,NA,N,0.023160853,0.001942099,0.027748758,0.144281833,0.296806508,0.134645882,5764,Y_1639
404,2015.413696,2015.578125,Y,15-49,PMA,MW,0.588871737,0.021456226,NA,NA,0.170786321,N,NA,N,,N,NA,None,None,N,NA,N,0.016911854,0.004201663,0.010711559,0.070734271,0.202684657,0.07334298,5768,Y_1643
288,2014.665771,2014.997314,Y,15-49,DHS,MW,0.221905801,0.04483632,NA,NA,0.298971607,N,NA,N,,N,NA,None,None,N,NA,N,0.008901581,0.004493475,0.007963907,0.052450767,0.106718553,0.03905529,5778,Y_1646
686,2014,2014.830078,Y,15-49,DHS,MW,0.202815225,0.018802425,NA,NA,0.255578336,N,NA,N,,N,NA,None,None,N,NA,N,0.010679321,0.002691562,0.009196804,0.066379883,0.146910048,0.046544633,5779,Y_1647
404,2014.328735,2014.830078,Y,15-49,DHS,MW,0.532207886,0.04750702,NA,NA,0.090248074,N,NA,N,,N,NA,None,None,N,NA,N,NA,NA,NA,NA,NA,NA,5780,Y_1648
50,2014.413696,2014.912354,Y,15-49,DHS,MW,0.540553028,0.083920093,NA,NA,0.12010011,N,NA,N,,N,NA,None,None,N,NA,N,0.006400408,0.003787065,0.00459328,0.02838184,0.054012252,0.046407088,5787,Y_1650
508,2015.328735,2015.830078,Y,15-49,DHS,MW,0.253,0.018,NA,NA,0.231,N,NA,N,,N,NA,None,None,N,NA,N,NA,NA,NA,NA,NA,NA,5794,Y_1653
646,2014.832886,2015.32605,Y,15-49,DHS,MW,0.475,0.058,0.533,NA,0.189465896,N,NA,N,,N,NA,None,None,N,NA,N,0.007763234,0.003465554,0.00565053,0.032560178,0.058789454,0.039537734,5796,Y_1654
716,2015.49585,2015.997314,Y,15-49,DHS,MW,0.657709708,0.009903456,NA,NA,0.104063463,N,NA,N,,N,NA,None,None,N,NA,N,0.009277745,0.001409372,0.005409692,0.040873831,0.140231404,0.06275509,5798,Y_1656
288,2017.452026,2017.778076,Y,15-49,National survey,MW,0.25,0.058,NA,0.058,NA,N,NA,N,,N,NA,None,None,N,NA,N,NA,NA,NA,NA,NA,NA,5809,Y_1660
454,2015.747925,2016.161621,Y,15-49,DHS,MW,0.580574574,0.011632139,NA,NA,0.186691142,N,NA,N,,N,NA,None,None,N,NA,N,0.005679759,0.001020871,0.004149123,0.023691799,0.090498419,0.030695284,5952,Y_1673
686,2015,2015.830078,Y,15-49,DHS,MW,0.21115488,0.02214682,NA,NA,0.252411679,N,NA,N,,N,NA,None,None,N,NA,N,0.011114861,0.002663296,0.009016747,0.066938519,0.123383054,0.048750854,5955,Y_1675
834,2015.580811,2016.161621,Y,15-49,DHS,MW,0.319839417,0.063755255,NA,NA,0.237075751,N,NA,N,,N,NA,None,None,N,NA,N,NA,NA,NA,NA,NA,NA,5957,Y_1676
288,2015.328735,2015.493164,Y,15-49,PMA,MW,0.292,0.053661212,NA,NA,0.296841048,N,NA,N,,N,NA,None,None,N,NA,N,0.016020395,0.005546691,0.016273677,0.080829865,0.116665651,0.080087802,5995,Y_1682
404,2014.832886,2014.997314,Y,15-49,PMA,MW,0.556,0.008157685,NA,NA,0.216518948,N,NA,N,,N,NA,None,None,N,NA,N,0.016274276,0.002460384,0.012385628,0.067486308,0.310471148,0.068375574,5996,Y_1683
800,2015,2015.158936,Y,15-49,PMA,MW,0.318,0.030529559,NA,NA,0.329743311,N,NA,N,,N,NA,None,None,N,NA,N,0.017799673,0.005516257,0.015430249,0.082879374,0.18930294,0.069799881,5998,Y_1685
404,2015.832886,2015.997314,Y,15-49,PMA,MW,0.623,0.021716764,NA,NA,0.168940393,N,NA,N,,N,NA,None,None,N,NA,N,0.014450869,0.006109029,0.010379752,0.063213087,0.294458082,0.077835337,6037,Y_1707
204,2017,2019,Y,15-49,DHS,MW,0.124,0.031,NA,NA,0.323,N,NA,N,,N,NA,None,None,N,NA,N,NA,NA,NA,NA,NA,NA,6055,Y_1709
104,2015.915039,2016.580811,Y,15-49,DHS,MW,0.512750859,0.009680649,NA,NA,0.162404669,N,NA,N,,N,NA,None,None,N,NA,N,0.008274752,0.001541918,0.0051835,0.033153868,0.160926379,0.038942279,6084,Y_1712
524,2016.416382,2017.082153,Y,15-49,DHS,MW,0.42790427,0.098229515,NA,NA,0.237322078,N,NA,N,,N,NA,None,None,N,NA,N,0.008230286,0.004879197,0.005667798,0.034141517,0.055890179,0.03980768,6086,Y_1713
800,2016.416382,2016.915039,Y,15-49,DHS,MW,0.343873126,0.045747783,NA,NA,0.307315387,N,NA,N,,N,NA,None,None,N,NA,N,NA,NA,NA,NA,NA,NA,6099,Y_1716
854,2016.164429,2016.413696,Y,15-49,PMA,MW,0.242199745,0.012424916,NA,NA,0.286317923,N,NA,N,,N,NA,None,None,N,NA,N,0.019056809,0.002473555,0.016736765,0.104601259,0.206103931,0.090748626,6107,Y_1717
800,2016.249268,2016.413696,Y,15-49,PMA,MW,0.322,0.044870862,NA,NA,0.305262075,N,NA,N,,N,NA,None,None,N,NA,N,0.014171225,0.005433101,0.012551804,0.065956094,0.12879733300000001,0.060040945,6114,Y_1718
562,2016.142456,2016.32605,Y,15-49,PMA,MW,0.144,0.021532343,NA,NA,0.24130218,N,NA,N,,N,NA,None,None,N,NA,N,0.02126561,0.00651196,0.019606462,0.169692883,0.312496261,0.125503435,6116,Y_1720
288,2016.583618,2016.915039,Y,15-49,PMA,MW,0.258,0.047731008,NA,NA,0.33040952,N,NA,N,,N,NA,None,None,N,NA,N,0.015272768,0.008347309,0.010913624,0.079889941,0.185822983,0.06670198,7360,Y_1731
586,2017.49585,2018.243896,Y,15-49,DHS,MW,0.25,0.092,NA,NA,0.173,N,NA,N,,N,NA,None,None,N,NA,N,NA,NA,NA,NA,NA,NA,7367,Y_1734
686,2016,2016.832886,Y,15-49,DHS,MW,0.230113501,0.021212228,NA,NA,0.236204738,N,NA,N,,N,NA,None,None,N,NA,N,0.009654763,0.002841209,0.008044589,0.054205013,0.135692717,0.044681784,7370,Y_1736
450,2012,2014,Y,15-49,National survey,MW,0.333,0.064,NA,0.064,NA,N,NA,N,,N,NA,None,None,N,NA,N,NA,NA,NA,NA,NA,NA,7412,Y_1738
586,2013.49585,2014.493164,Y,15-49,National survey,MW,NA,NA,0.32,NA,NA,N,NA,Y,Excluding some areas in the Balochistan province.,N,NA,None,None,N,NA,N,NA,NA,NA,NA,NA,NA,7423,Y_1742
800,2017.246582,2017.411011,Y,15-49,PMA,MW,0.339,0.041567702,NA,NA,0.293508574,N,NA,N,,N,NA,None,None,N,NA,N,NA,NA,NA,NA,NA,NA,7481,Y_1750
854,2016.835571,2017.082153,Y,15-49,PMA,MW,0.246,0.009007027,NA,NA,0.290538986,N,NA,N,,N,NA,None,None,N,NA,N,0.015075454,0.002082654,0.018526625,0.082178074,0.237973115,0.097741313,7483,Y_1752
404,2016.835571,2017,Y,15-49,PMA,MW,0.599,0.016140894,NA,NA,0.156277374,N,NA,N,,N,NA,None,None,N,NA,N,0.014579981,0.00270171,0.011078696,0.061776606,0.173620298,0.093264763,7484,Y_1753
288,2017.665771,2017.912354,Y,15-49,PMA,MW,0.274,0.056,NA,NA,0.263,N,NA,N,,N,NA,None,None,N,NA,N,NA,NA,NA,NA,NA,NA,7497,Y_1758
562,2017.328735,2017.745239,Y,15-49,PMA,MW,0.181,0.007434797,NA,NA,0.22186416,N,NA,N,,N,NA,None,None,N,NA,N,NA,NA,NA,NA,NA,NA,7514,Y_1768
4,2012.583618,2013,Y,15-49,Other,MW,0.138,NA,0.138,NA,NA,N,NA,N,,N,NA,None,None,N,NA,N,NA,NA,NA,NA,NA,NA,7515,Y_1769
686,2017.246582,2017.997314,Y,15-49,DHS,MW,0.263,0.014,0.278,NA,0.219,N,NA,N,,N,NA,None,None,N,NA,N,NA,NA,NA,NA,NA,NA,7630,Y_1776
450,2017.454834,2017.599976,Y,15-49,National survey,MW,0.389,0.09,NA,NA,0.164,N,NA,N,,N,NA,None,None,N,NA,N,NA,NA,NA,NA,NA,NA,7650,Y_1779
854,2017.832886,2018.082153,Y,15-49,PMA,MW,0.30138717,0.015100954,NA,NA,0.227987605,N,NA,N,,N,NA,None,None,N,NA,N,NA,NA,NA,NA,NA,NA,7655,Y_1784
800,2018.246582,2018.411011,Y,15-49,PMA,MW,0.363,0.055,NA,NA,0.26,N,NA,N,,N,NA,None,None,N,NA,N,NA,NA,NA,NA,NA,NA,7658,Y_1787
728,2015.084961,2015.493164,Y,15-49,National survey,AL,NA,NA,0.05,NA,NA,N,NA,Y,Excluding Unity state and some counties in Upper Nile,N,NA,None,None,N,NA,N,NA,NA,NA,NA,NA,NA,7659,Y_1788
728,2011.246582,2011.411011,Y,15-49,National survey,AL,NA,NA,0.065,NA,NA,N,NA,Y,"Excluding Fangak, Khorflus, Pachala and Akobo counties in Jonglei and Abyei county in Warrap",N,NA,None,None,N,NA,N,NA,NA,NA,NA,NA,NA,7660,Y_1789
466,2018,2018,Y,15-49,DHS,MW,0.164,0.008,0.172,0.247,0.239,N,NA,N,,N,NA,None,None,N,NA,N,NA,NA,NA,NA,NA,NA,NA,
324,2018.162,2018.414,Y,15-49,DHS,MW,0.106,0.003,0.109,0.224,0.221,N,NA,N,,N,NA,None,None,N,NA,N,NA,NA,NA,NA,NA,NA,NA,
404,2018.833,2018.915,Y,15-49,PMA,MW,0.607,0.021,0.628,0.159,0.138,N,NA,N,,N,NA,None,None,N,NA,N,NA,NA,NA,NA,NA,NA,NA,
508,2009.444,2009.789,Y,15-49,National survey,MW,0.104,0.011,0.116,NA,NA,N,NA,N,,N,NA,None,None,N,NA,N,NA,NA,NA,NA,NA,NA,NA,
